,Unnamed: 0,ID,ActivityID,Lot,Type,Breed,Breed_Class,Source_Type,Province,Use_Case,Status,สแกนแล้ว,Note,Link,Remark,Humidity,Weight,keys_img_id_ac,num_image,Year
2,2,23,0000003,20210608,DY,ML105,K,CNTB,Surin,Train,Uploaded,True,,,FALSE,12.66,,000023_0000003,1104,2021
7,7,24,0000008,20210608,DY,ML105,J,CNTB,Surin,Train,Uploaded,True,,,FALSE,12.4,,000024_0000008,1200,2021
17,17,26,0000018,20210608,DY,GK15,J,CNTB,Surin,Train,Uploaded,True,,,FALSE,11.35,,000026_0000018,1294,2021
22,22,27,0000023,20210609,DY,CN1,J,CNTB,Nakhon Ratchasima,Train,Uploaded,True,,,FALSE,12.4,,000027_0000023,1982,2021
27,27,28,0000028,20210609,DY,ML105,L,CNTB,Nakhon Ratchasima,Train,Uploaded,True,,,FALSE,12.36,,000028_0000028,1130,2021
32,32,29,0000033,20210616,DY,ML105,J,CNTB,Ubon Ratchathani,Train,Uploaded,False,,,FALSE,13.6,,000029_0000033,936,2021
37,37,30,0000038,20210616,DY,ML105,K,CNTB,Ubon Ratchathani,Train,Uploaded,False,,,FALSE,13.72,,000030_0000038,1052,2021
42,42,31,0000043,20210623,DY,ML105,K,CNTB,Phayao,Train,Uploaded,False,,,FALSE,12.93,,000031_0000043,974,2021
47,47,32,0000048,20210623,DY,ML105,J,CNTB,Phayao,Train,Uploaded,False,,,FALSE,12.57,,000032_0000048,1030,2021
52,52,33,0000053,20210623,DY,GK15,K,CNTB,Phayao,Train,Uploaded,False,,,FALSE,13.07,,000033_0000053,994,2021
57,57,34,0000058,20210623,DY,GK15,J,CNTB,Phayao,Train,Uploaded,False,,,FALSE,12.34,,000034_0000058,1154,2021
62,62,35,0000063,20210629,DY,ML105,J,CNTB,Khon Kaen,Train,Uploaded,False,,,FALSE,12.23,,000035_0000063,1004,2021
67,67,36,0000068,20210629,DY,ML105,K,CNTB,Khon Kaen,Train,Uploaded,False,,,FALSE,11.84,,000036_0000068,1088,2021
72,72,37,0000073,20210629,DY,PL2,K,CNTB,Phayao,Train,Uploaded,False,,,FALSE,12.08,,000037_0000073,2052,2021
77,77,38,0000078,20210629,DY,PT1,K,CNTB,Phayao,Train,Uploaded,False,,,FALSE,11.16,,000038_0000078,1014,2021
82,82,39,0000083,20210629,DY,PL2,J,CNTB,Phayao,Train,Uploaded,False,,,FALSE,11.79,,000039_0000083,1898,2021
87,87,40,0000088,20210629,DY,ML105,J,CNTB,Phitsanulok,Train,Uploaded,False,,,FALSE,11.05,,000040_0000088,994,2021
101,101,50,0000102,20210729,DY,PT1,K,CNTB,Chai Nat,Train,Uploaded,False,,,FALSE,12.72,,000050_0000102,960,2021
106,106,51,0000107,20210729,DY,GK49,J,CNTB,Kamphaeng Phet,Train,Uploaded,False,,,FALSE,12.23,,000051_0000107,2062,2021
111,111,52,0000112,20210729,DY,GK49,K,CNTB,Kamphaeng Phet,Train,Uploaded,False,,,FALSE,12.19,,000052_0000112,1792,2021
116,116,53,0000117,20210729,DY,ML105,K,CNTB,Lop Buri,Train,Uploaded,False,,,FALSE,12.06,,000053_0000117,926,2021
121,121,54,0000122,20210729,DY,ML105,J,CNTB,Lop Buri,Train,Uploaded,False,,,FALSE,14.04,,000054_0000122,1018,2021
126,126,55,0000127,20210729,DY,GK79,J,CNTB,Phatthalung,Train,Uploaded,False,,,FALSE,11.26,,000055_0000127,1874,2021
131,131,56,0000132,20210729,DY,GK79,K,CNTB,Phatthalung,Train,Uploaded,False,,,FALSE,13.84,,000056_0000132,1768,2021
136,136,57,0000137,20210729,DY,PT1,K,CNTB,Phrae,Train,Uploaded,False,,,FALSE,11.96,,000057_0000137,880,2021
141,141,58,0000142,20210729,DY,PT1,J,CNTB,Phrae,Train,Uploaded,False,,,FALSE,12.12,,000058_0000142,894,2021
146,146,59,0000147,20210729,DY,ML105,K,CNTB,Roi Et,Train,Uploaded,False,,,FALSE,12.33,,000059_0000147,986,2021
151,151,60,0000152,20210729,DY,ML105,J,CNTB,Roi Et,Train,Uploaded,False,,,FALSE,13.36,,000060_0000152,1066,2021
156,156,61,0000157,20210729,DY,GK61,J,CNTB,Sukhothai,Train,Uploaded,False,,,FALSE,11.8,,000061_0000157,2600,2021
161,161,62,0000162,20210729,DY,GK61,K,CNTB,Sukhothai,Train,Uploaded,False,,,FALSE,11.65,,000062_0000162,2586,2021
184,184,73,0000185,20210827,DY,ML105,J,FLD,Nakhon Ratchasima,Train,Uploaded,False,,,FALSE,13.71,,000073_0000185,982,2021
186,186,74,0000187,20210827,DY,CN1,J,CNTB,Nakhon Ratchasima,Train,Uploaded,False,,,FALSE,11.21,,000074_0000187,1920,2021
188,188,76,0000189,20210827,DY,ML105,J,CNTB,Nakhon Ratchasima,Train,Uploaded,False,,,FALSE,12.35,,000076_0000189,978,2021
190,190,77,0000191,20210827,DY,PT1,J,CNTB,Lop Buri,Train,Uploaded,False,,,FALSE,12.94,,000077_0000191,946,2021
203,203,85,0000204,20210910,DY,PT1,J,CNTB,Surat Thani,Train,Uploaded,False,,,FALSE,12.79,,000085_0000204,824,2021
272,272,121,0000273,20211018,DY,MJ2,K,CNTB,Chiang Mai,Train,Uploaded,False,,,FALSE,,,000121_0000273,5973,2021
276,276,125,0000277,20211019,DY,GK41,K,CNTB,Nakhon Sawan,Train,Uploaded,False,,,FALSE,12.6,,000125_0000277,1910,2021
278,278,126,0000279,20211019,DY,GK87,J,CNTB,Nakhon Sawan,Train,Uploaded,False,,,FALSE,11.46,,000126_0000279,17155,2021
280,280,127,0000281,20211020,DY,GK61,J,CNTB,Phitsanulok,Train,Uploaded,False,,,FALSE,12,,000127_0000281,2326,2021
282,282,128,0000283,20211020,DY,GK41,J,CNTB,Phitsanulok,Train,Uploaded,False,,,FALSE,11.86,,000128_0000283,1940,2021
284,284,129,0000285,20211020,DY,PL2,J,CNTB,Phitsanulok,Train,Uploaded,False,,,FALSE,11.5,,000129_0000285,1686,2021
286,286,130,0000287,20211020,DY,GK79,J,CNTB,Phitsanulok,Train,Uploaded,False,,,FALSE,11.76,,000130_0000287,1708,2021
288,288,131,0000289,20211020,DY,GK49,J,CNTB,Phitsanulok,Train,Uploaded,False,,,FALSE,10.2,,000131_0000289,1774,2021
290,290,132,0000291,20211020,DY,GK41,J,FLD,Uttaradit,Train,Uploaded,False,,,FALSE,12.5,,000132_0000291,1536,2021
292,292,133,0000293,20211020,DY,GK49,J,FLD,Uttaradit,Train,Uploaded,False,,,FALSE,12.26,,000133_0000293,1532,2021
294,294,134,0000295,20211020,DY,PT1,K,FLD,Uttaradit,Train,Uploaded,False,,,FALSE,19.03,,000134_0000295,840,2021
296,296,135,0000297,20211020,FH,PT1,K,FLD,Uttaradit,Train,Uploaded,False,,,,19,,000135_0000297,822,2021
297,297,136,0000298,20211021,DY,ML105,K,CNTB,Phayao,Train,Uploaded,False,,,FALSE,13.7,,000136_0000298,902,2021
299,299,137,0000300,20211021,DY,GK15,K,CNTB,Phayao,Train,Uploaded,False,,,FALSE,14.6,,000137_0000300,642,2021
301,301,138,0000302,20211021,DY,GK15,J,CNTB,Phayao,Train,Uploaded,False,,,FALSE,13,,000138_0000302,774,2021
303,303,139,0000304,20211021,DY,PT1,K,CNTB,Phayao,Train,Uploaded,False,,,FALSE,13.03,,000139_0000304,1104,2021
305,305,140,0000306,20211021,DY,PL2,K,CNTB,Phayao,Train,Uploaded,False,,,FALSE,10.6,,000140_0000306,2204,2021
307,307,141,0000308,20211021,DY,PL2,J,CNTB,Phayao,Train,Uploaded,False,,,FALSE,11.13,,000141_0000308,2066,2021
309,309,142,0000310,20211021,FH,PL2,J,CNTB,Phayao,Train,Uploaded,False,,,,19.5,,000142_0000310,1998,2021
310,310,143,0000311,20211021,FH,PL2,K,CNTB,Phayao,Train,Uploaded,False,,,,16.6,,000143_0000311,1822,2021
311,311,144,0000312,20211021,DY,GK10,J,FLD,Phrae,Train,Uploaded,False,,,FALSE,14.1,,000144_0000312,9605,2021
313,313,145,0000314,20211021,FH,GK10,J,FLD,Phrae,Train,Uploaded,False,,,,19.9,,000145_0000314,8039,2021
314,314,146,0000315,20211021,FH,SPT1,J,FLD,Phrae,Train,Uploaded,False,,,,25.2,,000146_0000315,1208,2021
315,315,147,0000316,20211022,DY,GK41,L,CNTR,Phitsanulok,Train,Uploaded,False,,,FALSE,14,,000147_0000316,2140,2021
317,317,148,0000318,20211022,DY,GK61,L,CNTR,Phitsanulok,Train,Uploaded,False,,,FALSE,13.5,,000148_0000318,2952,2021
319,319,149,0000320,20211022,DY,PL2,J,CNTB,Phitsanulok,Train,Uploaded,False,,,FALSE,13.1,,000149_0000320,2258,2021
321,321,152,0000322,20211022,FH,PL2,J,CNTB,Phitsanulok,Train,Uploaded,False,,,,18.7,,000152_0000322,1566,2021
323,323,153,0000324,20211022,FH,GK41,L,CNTR,Phitsanulok,Train,Uploaded,False,,,,23.2,,000153_0000324,1550,2021
325,325,154,0000326,20211022,FH,GK61,L,CNTR,Phitsanulok,Train,Uploaded,False,,,,18.7,,000154_0000326,2368,2021
326,326,156,0000327,20211026,FH,PT1,J,CNTB,Chon Buri,Train,Uploaded,False,,,,24.8,,000156_0000327,952,2021
328,328,169,0000329,20211028,FH,CN1,J,FLD,Khon Kaen,Train,Uploaded,False,,,,25.4,,000169_0000329,1126,2021
329,329,170,0000330,20211028,FH,GK22,L,CNTR,Khon Kaen,Train,Uploaded,False,,,,18.9,,000170_0000330,2520,2021
330,330,171,0000331,20211029,FH,GK15,K,FLD,Ubon Ratchathani,Train,Uploaded,False,,,,27.7,,000171_0000331,868,2021
332,332,172,0000333,20211105,FH,HP5,J,FLD,Sing Buri,Train,Uploaded,False,,,,22.2,,000172_0000333,18040,2021
340,340,182,0000341,20211110,FH,SPT1,K,CNTB,Chiang Mai,Train,Uploaded,False,,,,19.9,,000182_0000341,1400,2021
341,341,183,0000342,20211110,FH,SPT1,J,CNTB,Chiang Mai,Train,Uploaded,False,,,,24.5,,000183_0000342,1552,2021
342,342,184,0000343,20211110,FH,SPT1,K,FLD,Lampang,Train,Uploaded,False,,,,23.2,,000184_0000343,1337,2021
343,343,185,0000344,20211110,FH,SPT1,K,CNTB,Lampang,Train,Uploaded,False,,,,24.3,,000185_0000344,1225,2021
344,344,186,0000345,20211110,FH,ML105,J,FLD,Ubon Ratchathani,Train,Uploaded,False,,,,28.6,,000186_0000345,1028,2021
345,345,186,0000346,20211110,DY,ML105,J,FLD,Ubon Ratchathani,Train,Uploaded,False,,,FALSE,,,000186_0000346,860,2021
352,352,192,0000353,20211111,FH,GK15,L,CNTR,Chiang Rai,Train,Uploaded,False,,,,26.8,,000192_0000353,864,2021
353,353,192,0000354,20211111,DY,GK15,L,CNTR,Chiang Rai,Train,Uploaded,False,,,FALSE,,,000192_0000354,844,2021
355,355,193,0000356,20211111,FH,GK15,K,CNTB,Phayao,Train,Uploaded,False,,,,28,,000193_0000356,1066,2021
356,356,193,0000357,20211111,DY,GK15,K,CNTB,Phayao,Train,Uploaded,False,,,FALSE,,,000193_0000357,898,2021
358,358,194,0000359,20211111,FH,GK15,J,CNTB,Phayao,Train,Uploaded,False,,,,27,,000194_0000359,996,2021
359,359,194,0000360,20211111,DY,GK15,J,CNTB,Phayao,Train,Uploaded,False,,,FALSE,,,000194_0000360,968,2021
364,364,197,0000365,20211114,FH,SKNK,L,CNTR,Sakon Nakhon,Train,Uploaded,False,,,,26,,000197_0000365,6884,2021
366,366,197,0000367,20211114,DY,SKNK,L,CNTR,Sakon Nakhon,Train,Uploaded,False,,,FALSE,13.2,,000197_0000367,6591,2021
368,368,198,0000369,20211114,FH,GK6,L,CNTR,Sakon Nakhon,Train,Uploaded,False,,,,29.3,,000198_0000369,10,2021
369,369,199,0000370,20211115,DY,ML105,J,FLD,Chaiyaphum,Train,Uploaded,False,,,FALSE,,,000199_0000370,858,2021
371,371,200,0000372,20211115,DY,RBR,J,FLD,Chaiyaphum,Train,Uploaded,False,,,FALSE,,,000200_0000372,11745,2021
372,372,201,0000373,20211115,FH,GK6,J,FLD,Chaiyaphum,Train,Uploaded,False,,,,19.7,,000201_0000373,842,2021
373,373,201,0000374,20211115,DY,GK6,J,FLD,Chaiyaphum,Train,Uploaded,False,,,FALSE,,,000201_0000374,864,2021
375,375,202,0000376,20211115,FH,ML105,K,CNT,Nakhon Ratchasima,Train,Uploaded,False,,,,24,,000202_0000376,846,2021
376,376,202,0000377,20211115,DY,ML105,K,CNT,Nakhon Ratchasima,Train,Uploaded,False,,,FALSE,,,000202_0000377,798,2021
378,378,207,0000379,20211115,DY,ML105,L,CNTR,Udon Thani,Train,Uploaded,False,,,FALSE,,,000207_0000379,840,2021
380,380,208,0000381,20211115,FH,ML105,L,CNTR,Udon Thani,Train,Uploaded,False,,,,20.8,,000208_0000381,1022,2021
381,381,209,0000382,20211115,FH,GK6,L,CNTR,Udon Thani,Train,Uploaded,False,,,,29.7,,000209_0000382,790,2021
382,382,209,0000383,20211115,DY,GK6,L,CNTR,Udon Thani,Train,Uploaded,False,,,FALSE,,,000209_0000383,814,2021
384,384,215,0000385,20211116,DY,GK15,L,CNTR,Nong Khai,Train,Uploaded,False,,,FALSE,10.2,,000215_0000385,866,2021
386,386,216,0000387,20211116,DY,GK12,L,CNTR,Nong Khai,Train,Uploaded,False,,,FALSE,10.8,,000216_0000387,4893,2021
388,388,217,0000389,20211116,DY,GK20,L,CNTR,Nong Khai,Train,Uploaded,False,,,FALSE,10.1,,000217_0000389,15028,2021
390,390,219,0000391,20211116,DY,HY71,L,CNTR,Nong Khai,Train,Uploaded,False,,,FALSE,11,,000219_0000391,13603,2021
392,392,220,0000393,20211116,FH,GK6,L,CNTR,Nong Khai,Train,Uploaded,False,,,,28.6,,000220_0000393,710,2021
393,393,220,0000394,20211116,DY,GK6,L,CNTR,Nong Khai,Train,Uploaded,False,,,FALSE,,,000220_0000394,848,2021
395,395,221,0000396,20211116,FH,GK18,L,CNTR,Nong Khai,Train,Uploaded,False,,,,28.3,,000221_0000396,3656,2021
396,396,227,0000397,20211117,DY,ET,K,FLD,Amnat Charoen,Train,Uploaded,False,,,FALSE,,,000227_0000397,15678,2021
398,398,230,0000399,20211117,FH,ML105,K,FLD,Amnat Charoen,Train,Uploaded,False,,,,26,,000230_0000399,852,2021
399,399,235,0000400,20211117,FH,ML105,J,CNTB,Bueng Kan,Train,Uploaded,False,,,,26,,000235_0000400,880,2021
400,400,235,0000401,20211117,DY,ML105,J,CNTB,Bueng Kan,Train,Uploaded,False,,,FALSE,,,000235_0000401,646,2021
402,402,236,0000403,20211117,FH,GK18,J,CNTB,Bueng Kan,Train,Uploaded,False,,,,26.5,,000236_0000403,6015,2021
403,403,236,0000404,20211117,DY,GK18,J,CNTB,Bueng Kan,Train,Uploaded,False,,,FALSE,,,000236_0000404,3897,2021
405,405,237,0000406,20211117,FH,GK22,J,CNTB,Bueng Kan,Train,Uploaded,False,,,,24.5,,000237_0000406,1648,2021
406,406,237,0000407,20211117,DY,GK22,J,CNTB,Bueng Kan,Train,Uploaded,False,,,FALSE,,,000237_0000407,1958,2021
408,408,238,0000409,20211117,DY,ML105,J,CNTB,Kalasin,Train,Uploaded,False,,,FALSE,,,000238_0000409,694,2021
410,410,239,0000411,20211117,DY,GK6,J,CNTB,Kalasin,Train,Uploaded,False,,,FALSE,,,000239_0000411,648,2021
412,412,240,0000413,20211117,DY,GK6,K,FLD,Roi Et,Train,Uploaded,False,,,FALSE,,,000240_0000413,944,2021
414,414,242,0000415,20211117,FH,GK6,K,FLD,Roi Et,Train,Uploaded,False,,,,30,,000242_0000415,762,2021
415,415,244,0000416,20211117,DY,ML105,C,FLD,Yasothon,Train,Uploaded,False,,,FALSE,,,000244_0000416,660,2021
417,417,245,0000418,20211117,DY,GK6,C,FLD,Yasothon,Train,Uploaded,False,,,FALSE,,,000245_0000418,900,2021
419,419,247,0000420,20211118,FH,ML105,J,CNT,Nakhon Sawan,Train,Uploaded,False,,,,27.9,,000247_0000420,822,2021
420,420,247,0000421,20211118,DY,ML105,J,CNT,Nakhon Sawan,Train,Uploaded,False,,,FALSE,,,000247_0000421,614,2021
426,426,250,0000427,20211118,DY,GK79,K,CNTB,Phitsanulok,Train,Uploaded,False,,,FALSE,16.5,,000250_0000427,1144,2021
428,428,251,0000429,20211118,FH,ML105,J,CNTB,Phitsanulok,Train,Uploaded,False,,,,26.5,,000251_0000429,1198,2021
429,429,251,0000430,20211118,DY,ML105,J,CNTB,Phitsanulok,Train,Uploaded,False,,,FALSE,,,000251_0000430,836,2021
431,431,252,0000432,20211118,FH,GK49,L,CNTB,Phitsanulok,Train,Uploaded,False,,,,25,,000252_0000432,1692,2021
432,432,252,0000433,20211118,DY,GK49,L,CNTB,Phitsanulok,Train,Uploaded,False,,,FALSE,,,000252_0000433,1796,2021
434,434,253,0000435,20211118,FH,ML105,L,CNTB,Sakon Nakhon,Train,Uploaded,False,,,,23.6,,000253_0000435,1074,2021
435,435,253,0000436,20211118,DY,ML105,L,CNTB,Sakon Nakhon,Train,Uploaded,False,,,FALSE,,,000253_0000436,826,2021
437,437,259,0000438,20211122,FH,ML105,J,CNTB,Nakhon Ratchasima,Train,Uploaded,False,,,,20,,000259_0000438,860,2021
438,438,259,0000439,20211122,DY,ML105,J,CNTB,Nakhon Ratchasima,Train,Uploaded,False,,,FALSE,,,000259_0000439,692,2021
440,440,260,0000441,20211122,FH,ML105,K,FLD,Roi Et,Train,Uploaded,False,,,,21.4,,000260_0000441,838,2021
441,441,260,0000442,20211122,DY,ML105,K,FLD,Roi Et,Train,Uploaded,False,,,FALSE,,,000260_0000442,658,2021
443,443,261,0000444,20211122,DY,ML105,J,FLD,Si Sa Ket,Train,Uploaded,False,,,FALSE,,,000261_0000444,596,2021
445,445,262,0000446,20211123,FH,SPT1,L,CNTR,Chiang Rai,Train,Uploaded,False,,,,35,,000262_0000446,994,2021
446,446,262,0000447,20211123,DY,SPT1,L,CNTR,Chiang Rai,Train,Uploaded,False,,,FALSE,,,000262_0000447,826,2021
448,448,263,0000449,20211123,FH,ML105,L,CNTR,Chiang Rai,Train,Uploaded,False,,,,30.4,,000263_0000449,1100,2021
449,449,263,0000450,20211123,DY,ML105,L,CNTR,Chiang Rai,Train,Uploaded,False,,,FALSE,,,000263_0000450,772,2021
451,451,264,0000452,20211123,FH,GK6,L,CNTR,Chiang Rai,Train,Uploaded,False,,,,31,,000264_0000452,590,2021
452,452,264,0000453,20211123,DY,GK6,L,CNTR,Chiang Rai,Train,Uploaded,False,,,FALSE,,,000264_0000453,914,2021
454,454,267,0000455,20211123,FH,ML105,K,CNTB,Phayao,Train,Uploaded,False,,,,26.9,,000267_0000455,984,2021
455,455,267,0000456,20211123,DY,ML105,K,CNTB,Phayao,Train,Uploaded,False,,,FALSE,,,000267_0000456,808,2021
457,457,269,0000458,20211123,FH,ML105,J,FLD,Si Sa Ket,Train,Uploaded,False,,,,,,000269_0000458,926,2021
458,458,269,0000459,20211123,DY,ML105,J,FLD,Si Sa Ket,Train,Uploaded,False,,,FALSE,,,000269_0000459,898,2021
460,460,270,0000461,20211124,DY,ML105,K,FLD,Khon Kaen,Train,Uploaded,False,,,FALSE,,,000270_0000461,842,2021
462,462,271,0000463,20211124,FH,GK6,K,FLD,Khon Kaen,Train,Uploaded,False,,,,25.3,,000271_0000463,798,2021
463,463,271,0000464,20211124,DY,GK6,K,FLD,Khon Kaen,Train,Uploaded,False,,,FALSE,,,000271_0000464,932,2021
465,465,272,0000466,20211124,DY,ML105,L,CNTR,Khon Kaen,Train,Uploaded,False,,,FALSE,,,000272_0000466,738,2021
467,467,274,0000468,20211124,DY,GK15,K,FLD,Phrae,Train,Uploaded,False,,,FALSE,,,000274_0000468,904,2021
468,468,275,0000469,20211125,FH,ML105,K,CNTB,Lampang,Train,Uploaded,False,,,,19.7,,000275_0000469,848,2021
469,469,275,0000470,20211125,DY,ML105,K,CNTB,Lampang,Train,Uploaded,False,,,FALSE,,,000275_0000470,836,2021
471,471,276,0000472,20211125,DY,GK6,K,CNTB,Lampang,Train,Uploaded,False,,,FALSE,13.9,,000276_0000472,830,2021
473,473,279,0000474,20211125,DY,CN1,L,CNTB,Chai Nat,Train,Uploaded,False,,,FALSE,11.4,,000279_0000474,1512,2021
474,474,280,0000475,20211125,DY,CN2,L,CNTB,Chai Nat,Train,Uploaded,False,,,FALSE,11.1,,000280_0000475,14406,2021
476,476,281,0000477,20211125,DY,GK85,L,CNTB,Chai Nat,Train,Uploaded,False,,,FALSE,10.3,,000281_0000477,3248,2021
478,478,282,0000479,20211125,DY,GK57,L,CNTB,Chai Nat,Train,Uploaded,False,,,FALSE,10,,000282_0000479,6921,2021
480,480,283,0000481,20211125,DY,GK81,L,CNTB,Chai Nat,Train,Uploaded,False,,,FALSE,11,,000283_0000481,9808,2021
482,482,284,0000483,20211125,DY,GK71,C,CNTB,Chai Nat,Train,Uploaded,False,,,FALSE,11.1,,000284_0000483,15201,2021
484,484,285,0000485,20211125,DY,GK47,L,CNTB,Chai Nat,Train,Uploaded,False,,,FALSE,10.6,,000285_0000485,7020,2021
486,486,286,0000487,20211125,DY,GK79,C,CNTB,Chai Nat,Train,Uploaded,False,,,FALSE,11.4,,000286_0000487,1818,2021
488,488,287,0000489,20211125,DY,GK29,C,CNTB,Chai Nat,Train,Uploaded,False,,,FALSE,10.1,,000287_0000489,3106,2021
490,490,288,0000491,20211201,FH,GK49,L,CNTR,Phra Nakhon Si Ayutthaya,Train,Uploaded,False,,,,20.5,,000288_0000491,1790,2021
491,491,289,0000492,20211201,DY,GK29,L,CNTR,Phra Nakhon Si Ayutthaya,Train,Uploaded,False,,,FALSE,11.5,,000289_0000492,2572,2021
493,493,290,0000494,20211201,DY,GK49,L,CNTR,Phra Nakhon Si Ayutthaya,Train,Uploaded,False,,,FALSE,11.6,,000290_0000494,1328,2021
495,495,291,0000496,20211201,DY,AYTY1,C,CNTR,Phra Nakhon Si Ayutthaya,Train,Uploaded,False,,,FALSE,11.6,,000291_0000496,11146,2021
497,497,292,0000498,20211201,DY,ML105,K,CNTB,Lop Buri,Train,Uploaded,False,,,FALSE,14.2,,000292_0000498,468,2021
499,499,293,0000500,20211201,FH,GK41,J,CNTB,Uttaradit,Train,Uploaded,False,,,,23.4,,000293_0000500,2238,2021
500,500,293,0000501,20211201,DY,GK41,J,CNTB,Uttaradit,Train,Uploaded,False,,,FALSE,,,000293_0000501,1538,2021
504,504,295,0000505,20211201,DY,PT1,K,CNTB,Uttaradit,Train,Uploaded,False,,,FALSE,12.9,,000295_0000505,688,2021
506,506,297,0000507,20211201,DY,ML105,J,CNT,Uttaradit,Train,Uploaded,False,,,FALSE,12.4,,000297_0000507,604,2021
508,508,298,0000509,20211201,FH,GK45,L,CNT,Nakhon Nayok,Train,Uploaded,False,,,,18.7,,000298_0000509,17298,2021
509,509,299,0000510,20211202,FH,PL80,K,CNTB,Phichit,Train,Uploaded,False,,,,23.7,,000299_0000510,8238,2021
510,510,299,0000511,20211202,DY,PL80,K,CNTB,Phichit,Train,Uploaded,False,,,FALSE,,,000299_0000511,6278,2021
512,512,300,0000513,20211203,FH,GK49,J,CNTB,Sukhothai,Train,Uploaded,False,,,,21.9,,000300_0000513,1516,2021
513,513,301,0000514,20211203,DY,GK49,J,CNTB,Sukhothai,Train,Uploaded,False,,,FALSE,,,000301_0000514,1346,2021
515,515,302,0000516,20211203,DY,GK61,J,CNTB,Sukhothai,Train,Uploaded,False,,,FALSE,,,000302_0000516,1556,2021
517,517,307,0000518,20211220,DY,GK29,J,CNTB,Pattani,Train,Uploaded,False,,,FALSE,,,000307_0000518,3230,2021
519,519,308,0000520,20211220,DY,GK41,J,CNTB,Pattani,Train,Uploaded,False,,,FALSE,,,000308_0000520,1744,2021
521,521,309,0000522,20211220,DY,GK85,J,CNTB,Pattani,Train,Uploaded,False,,,FALSE,,,000309_0000522,3534,2021
523,523,320,0000524,20220106,FH,PT1,K,CNTB,Chon Buri,Train,Uploaded,False,,,,13.5,,000320_0000524,1046,2022
525,525,330,0000526,20211208,FH,GK31,J,CNTB,Ratchaburi,Train,Uploaded,False,,,,,,000330_0000526,6375,2021
591,621,318,0000622,20211229,DY,PT1,J,CNTB,Surat Thani,Train,Uploaded,False,,,FALSE,12.1,,000318_0000622,700,2021
593,623,319,0000624,20211229,DY,GK41,J,CNTB,Surat Thani,Train,Uploaded,False,,,FALSE,10.7,,000319_0000624,1544,2021
595,625,320,0000626,20220106,DY,PT1,K,CNTB,Chon Buri,Train,Uploaded,False,,,FALSE,11.6,,000320_0000626,804,2022
597,627,321,0000628,20220107,DY,MJ2,L,CNT,Chiang Mai,Train,Uploaded,False,,,FALSE,,,000321_0000628,5526,2022
599,629,322,0000630,20220107,DY,SP1,C,CNTB,Suphan Buri,Train,Uploaded,False,,,FALSE,,,000322_0000630,16422,2022
601,631,323,0000632,20220107,DY,PT1,C,CNT,Suphan Buri,Train,Uploaded,False,,,FALSE,,,000323_0000632,840,2022
603,633,324,0000634,20220107,DY,GK43,C,CNT,Suphan Buri,Train,Uploaded,True,,,FALSE,,,000324_0000634,12900,2022
605,635,325,0000636,20220107,DY,GK41,C,CNT,Suphan Buri,Train,Uploaded,True,,,FALSE,,,000325_0000636,1828,2022
607,637,331,0000638,20220124,DY,MJ2,J,FLD,Chiang Rai,Train,Uploaded,False,,,FALSE,12.6,,000331_0000638,5296,2022
610,642,335,0000643,20220204,DY,ML105,L,CNTR,Chiang Mai,Train,Uploaded,,,,,11.5,,000335_0000643,850,2022
612,644,337,0000645,20220204,DY,SPT1,L,CNTR,Chiang Mai,Train,Uploaded,False,,,FALSE,10.1,,000337_0000645,1149,2022
614,646,336,0000647,20220204,DY,GK6,L,CNTR,Chiang Mai,Train,Uploaded,False,,,FALSE,11.9,,000336_0000647,696,2022
616,648,338,0000649,20220204,DY,GK6,C,CNTR,Chiang Mai,Train,Uploaded,False,,,FALSE,11.9,,000338_0000649,758,2022
618,650,341,0000651,20220203,DY,PT1,L,CNTR,Pathum Thani,Train,Uploaded,False,,,FALSE,,,000341_0000651,848,2022
619,651,342,0000652,20220203,DY,PT1,L,CNTR,Pathum Thani,Train,Uploaded,False,,,FALSE,,,000342_0000652,776,2022
620,652,343,0000653,20220203,DY,PT1,L,CNTR,Pathum Thani,Train,Uploaded,False,,,FALSE,,,000343_0000653,814,2022
621,653,344,0000654,20220203,DY,PT1,L,CNTR,Pathum Thani,Train,Uploaded,False,,,FALSE,,,000344_0000654,808,2022
622,654,345,0000655,20220203,DY,PT1,L,CNTR,Pathum Thani,Train,Uploaded,False,,,FALSE,,,000345_0000655,844,2022
624,656,339,0000657,20220203,DY,GK31,L,CNTR,Pathum Thani,Train,Uploaded,False,,,FALSE,,,000339_0000657,6930,2022
626,658,340,0000659,20220203,DY,GK57,L,CNTR,Pathum Thani,Train,Uploaded,False,,,FALSE,,,000340_0000659,8439,2022
638,670,351,0000671,20211201,DY,GK79,C,CNTR,Chachoengsao,Train,Uploaded,False,,,FALSE,11.1,750.0,000351_0000671,2068,2021
640,672,352,0000673,20211201,DY,PT1,C,CNTR,Chachoengsao,Train,Uploaded,False,,,FALSE,10.9,750.0,000352_0000673,972,2021
642,674,353,0000675,20211201,DY,ML105,L,CNTR,Chachoengsao,Train,Uploaded,False,,,FALSE,11.6,750.0,000353_0000675,1058,2021
644,676,354,0000677,20211109,DY,STJ8,J,FLD,Nakhon Nayok,Train,Uploaded,False,,,FALSE,15.2,750.0,000354_0000677,15946,2021
646,678,355,0000679,20211109,DY,GK47,J,FLD,Nakhon Nayok,Train,Uploaded,False,,,FALSE,14.2,750.0,000355_0000679,7211,2021
648,680,356,0000681,20211117,DY,GK6,J,CNTB,Bueng Kan,Train,Uploaded,False,,,FALSE,11.7,750.0,000356_0000681,700,2021
687,724,365,0000725,20220401,DY,GK41,K,CNTB,Nakhon Sawan,Train,Uploaded,False,,,FALSE,13,,000365_0000725,1686,2022
689,726,368,0000727,20220331,DY,PT1,L,CNTR,Pathum Thani,Train,Uploaded,False,,,FALSE,12.5,,000368_0000727,812,2022
691,728,369,0000729,20220408,FH,PL2,L,CNTR,Phitsanulok,Train,Uploaded,False,,,,19.5,750.0,000369_0000729,1522,2022
693,730,370,0000731,20220408,DY,PL2,J,CNTB,Phitsanulok,Train,Uploaded,False,,,FALSE,10.9,,000370_0000731,1594,2022
695,732,371,0000733,20220408,DY,GK79,J,CNTB,Phitsanulok,Train,Uploaded,False,,,FALSE,14.2,,000371_0000733,1620,2022
700,743,397,0000744,20220412,FH,PT1,L,CNTR,Chachoengsao,Train,Scanned,False,,,,28.7,,000397_0000744,748,2022
721,769,398,0000770,20220412,FH,GK79,L,CNTR,Chachoengsao,Train,Uploaded,False,,,,,,000398_0000770,1250,2022
723,771,399,0000772,20220409,FH,GK61,J,CNTB,Phichit,Train,Uploaded,False,,,,,,000399_0000772,1814,2022
733,781,402,0000782,20220422,FH,CN1,L,CNTR,Chai Nat,Train,Uploaded,False,,,,,,000402_0000782,1646,2022
735,783,403,0000784,20220422,FH,GK79,L,CNTR,Chai Nat,Train,Uploaded,False,,,,,,000403_0000784,1570,2022
737,785,404,0000786,20220422,FH,GK85,L,CNTR,Chai Nat,Train,Uploaded,False,,,,,,000404_0000786,3146,2022
743,794,408,0000795,20220427,FH,GK79,J,CNTB,Phatthalung,Train,Uploaded,False,,,,,,000408_0000795,1248,2022
746,797,401,0000798,20220421,FH,PT1,L,CNTB,Lop Buri,Train,Uploaded,False,,,,,,000401_0000798,876,2022
748,799,411,0000800,20220601,FH,PT1,L,CNTR,Pathum Thani,Train,Uploaded,False,,,,,,000411_0000800,782,2022
750,801,412,0000802,20220606,DY,GK79,K,CNTB,Nakhon Sawan,Train,Uploaded,False,,,FALSE,,,000412_0000802,1582,2022
752,803,413,0000804,20220602,DY,CN1,L,CNTR,Ratchaburi,Train,Uploaded,False,,,FALSE,,,000413_0000804,1606,2022
754,805,414,0000806,20220608,DY,ML105,K,CNTB,Kalasin,Train,Uploaded,False,,,FALSE,,,000414_0000806,902,2022
756,807,415,0000808,20220608,DY,GK6,K,CNTB,Kalasin,Train,Uploaded,False,,,FALSE,,,000415_0000808,832,2022
758,809,167,0000810,20211028,DY,GK22,L,CNTR,Khon Kaen,Train,Uploaded,False,,,FALSE,,,000167_0000810,3178,2021
760,811,168,0000812,20211028,DY,TTCP,L,CNTR,Khon Kaen,Train,Uploaded,False,,,FALSE,,,000168_0000812,17464,2021
768,819,416,0000820,20220617,DY,GK29,J,CNTB,Kamphaeng Phet,Train,Uploaded,False,,,FALSE,,,000416_0000820,3136,2022
770,821,417,0000822,20220617,DY,GK41,J,CNTB,Kamphaeng Phet,Train,Uploaded,False,,,FALSE,,,000417_0000822,1744,2022
772,823,418,0000824,20220617,DY,GK49,J,CNTB,Kamphaeng Phet,Train,Uploaded,False,,,FALSE,,,000418_0000824,1844,2022
774,825,419,0000826,20220616,FH,CN1,L,CNTR,Chai Nat,Train,Uploaded,False,,,,,,000419_0000826,2172,2022
776,829,422,0000830,20220702,FH,GK79,J,CNTB,Nakhon Sawan,Train,Uploaded,False,,,,,,000422_0000830,2158,2022
786,846,439,0000848,20220801,DY,GK15,L,CNTR,Ubon Ratchathani,Train,Uploaded,False,,,FALSE,,,000439_0000848,1594,2022
788,848,440,0000850,20220801,DY,GK33,L,CNTR,Ubon Ratchathani,Train,Uploaded,False,,,FALSE,13,,000440_0000850,24148,2022
838,910,470,0000912,20220816,DY,ML105,J,CNTB,Nakhon Sawan,Train,Uploaded,False,,,FALSE,,,000470_0000912,852,2022
840,912,471,0000914,20220816,DY,ML105,J,CNTB,Nakhon Sawan,Train,Uploaded,False,,,FALSE,,,000471_0000914,800,2022
842,914,472,0000916,20220816,DY,ML105,J,CNTB,Lampang,Train,Uploaded,False,,,FALSE,,,000472_0000916,1176,2022
844,916,473,0000918,20220816,DY,GK6,J,CNTB,Lampang,Train,Uploaded,False,,,FALSE,,,000473_0000918,1350,2022
846,918,474,0000920,20220816,DY,SPT1,J,CNTB,Lampang,Train,Uploaded,False,,,FALSE,,,000474_0000920,3549,2022
850,922,476,0000924,20220816,DY,ML105,J,CNTB,Nakhon Ratchasima,Train,Uploaded,False,,,FALSE,,,000476_0000924,1036,2022
852,924,477,0000926,20220816,DY,CN1,J,CNTB,Nakhon Ratchasima,Train,Uploaded,False,,,FALSE,,,000477_0000926,1790,2022
854,926,478,0000928,20220816,DY,ML105,J,CNTB,Lop Buri,Train,Uploaded,False,,,FALSE,,,000478_0000928,902,2022
856,928,479,0000930,20220816,DY,ML105,J,CNTB,Lop Buri,Train,Uploaded,False,,,FALSE,,,000479_0000930,826,2022
858,937,487,0000939,20220823,DY,SPT1,J,CNTB,Chiang Mai,Train,Uploaded,False,,,FALSE,,,000487_0000939,2841,2022
860,939,488,0000941,20220823,DY,PT1,J,CNTB,Chiang Mai,Train,Uploaded,False,,,FALSE,,,000488_0000941,986,2022
862,941,489,0000943,20220823,DY,JKC,J,CNTR,Chiang Mai,Train,Uploaded,False,,,FALSE,,,000489_0000943,18885,2022
864,943,490,0000945,20220823,DY,JLSPT,J,CNTR,Chiang Mai,Train,Uploaded,False,,,FALSE,,,000490_0000945,17066,2022
866,945,491,0000947,20220823,DY,KS62,J,CNTR,Chiang Mai,Train,Uploaded,False,,,FALSE,,,000491_0000947,18932,2022
868,947,492,0000949,20220828,DY,ML105,J,CNTB,Khon Kaen,Train,Uploaded,False,,,FALSE,,,000492_0000949,940,2022
870,949,493,0000951,20220828,DY,GK6,J,CNTB,Khon Kaen,Train,Uploaded,False,,,FALSE,,,000493_0000951,906,2022
874,953,495,0000955,20220828,DY,CN1,J,CNTB,Khon Kaen,Train,Uploaded,False,,,FALSE,,,000495_0000955,1818,2022
876,955,496,0000957,20220828,DY,ML105,J,CNTR,Khon Kaen,Train,Uploaded,False,,,FALSE,,,000496_0000957,1074,2022
878,957,497,0000959,20220828,DY,ML105,J,CNTB,Roi Et,Train,Uploaded,False,,,FALSE,,,000497_0000959,1064,2022
880,959,498,0000961,20220828,DY,GK6,J,CNTB,Roi Et,Train,Uploaded,False,,,FALSE,,,000498_0000961,956,2022
884,963,500,0000965,20220830,DY,GK6,L,CNTB,Chiang Rai,Train,Uploaded,False,,,FALSE,,,000500_0000965,1056,2022
886,965,501,0000967,20220830,DY,GK15,L,CNTB,Chiang Rai,Train,Uploaded,False,,,FALSE,,,000501_0000967,1076,2022
888,967,502,0000969,20220830,DY,GK16,C,CNTB,Chiang Rai,Train,Scanned,False,,,FALSE,,,000502_0000969,12105,2022
890,969,503,0000971,20220830,DY,GK65,C,CNTB,Chiang Rai,Train,Uploaded,False,,,FALSE,,,000503_0000971,8979,2022
902,991,519,0000993,20220906,DY,ML105,J,CNTB,Udon Thani,Train,Uploaded,False,,,FALSE,,,000519_0000993,1060,2022
906,995,521,0000997,20220906,DY,GK12,J,CNTB,Udon Thani,Train,Uploaded,False,,,FALSE,,,000521_0000997,8132,2022
908,997,522,0000999,20220906,DY,GK15,J,CNTB,Udon Thani,Train,Uploaded,False,,,FALSE,,,000522_0000999,904,2022
918,1007,527,0001009,20220915,DY,PT1,J,CNTB,Chiang Mai,Train,Uploaded,False,https://docs.google.com/spreadsheets/d/1EaXReQ9yeIaFls29YEALqXiUGv7uhmZmxy1R7po2MTM/edit#gid=0,,FALSE,,,000527_0001009,822,2022
922,1011,529,0001013,20220915,DY,PT1,J,CNTB,Phatthalung,Train,Uploaded,False,,,FALSE,,,000529_0001013,814,2022
926,1015,531,0001017,20220921,DY,ML105,J,CNTR,Sakon Nakhon,Train,Scanned,False,,,FALSE,,,000531_0001017,818,2022
944,1037,542,0001039,20221011,DY,PL2,K,CNTB,Phayao,Train,Scanned,False,,,FALSE,,,000542_0001039,1454,2022
951,1045,546,0001047,20221025,DY,ML105,J,CNTB,Amnat Charoen,Train,Scanned,False,,,FALSE,,,000546_0001047,898,2022
963,1066,561,0001068,20221115,FH,ML105,J,CNTB,Kalasin,Train,Uploaded,False,,,,,,000561_0001068,890,2022
965,1074,566,0001076,20221116,FH,ML105,J,CNTB,Surin,Train,Uploaded,False,,,,,,000566_0001076,892,2022
967,1076,567,0001078,20221116,FH,GK15,J,CNTB,Surin,Train,Uploaded,False,รอผล,,,,,000567_0001078,948,2022
970,1079,568,0001081,20221116,FH,ML105,J,CNTB,Bueng Kan,Train,Uploaded,False,,,,,,000568_0001081,552,2022
972,1081,569,0001083,20221116,FH,GK6,J,CNTB,Nong Khai,Train,Uploaded,False,,,,,,000569_0001083,402,2022
974,1088,575,0001089,20221117,FH,ML105,J,CNTB,Nakhon Ratchasima,Train,Uploaded,False,,,,,,000575_0001089,938,2022
976,1090,581,0001091,20221121,FH,ML105,J,CNTB,Amnat Charoen,Train,Uploaded,False,https://docs.google.com/spreadsheets/d/1PTqyGAlEeVyLGw2zncEA1oX4G8_ZYLRuqjxXFyG4vhQ/edit#gid=0,,,,,000581_0001091,930,2022
980,1094,583,0001095,20221123,FH,ML105,L,CNTR,Nakhon Ratchasima,Train,Uploaded,False,,,,,,000583_0001095,946,2022
982,1096,584,0001097,20221124,FH,ML105,L,CNTR,Surin,Train,Uploaded,False,รอผล,,,,,000584_0001097,820,2022
984,1098,576,0001099,20221117,DY,GK15,J,CNTR,Nong Khai,Train,Uploaded,False,,,FALSE,,,000576_0001099,892,2022
998,1112,587,0001113,20221207,DY,ML105,L,CNTR,Roi Et,Train,Uploaded,False,,,FALSE,,,000587_0001113,942,2022
1000,1114,588,0001115,20221207,FH,ML105,L,CNTR,Roi Et,Train,Uploaded,False,,,,,,000588_0001115,924,2022
1006,1120,590,0001121,20221207,DY,MF62,J,CNTB,Nakhon Si Thammarat,Train,Done,False,,,FALSE,,,000590_0001121,16474,2022
1008,1122,591,0001123,20221207,DY,DD20,J,CNTB,Nakhon Si Thammarat,Train,Done,False,,,FALSE,,,000591_0001123,16349,2022
1010,1124,592,0001125,20221207,DY,LNP,J,CNTB,Nakhon Si Thammarat,Train,Done,False,,,FALSE,,,000592_0001125,24979,2022
1015,1131,597,0001132,20230206,DY,ML105,J,CNTB,Phitsanulok,Train,Done,False,,,FALSE,,,000597_0001132,962,2023
1017,1133,598,0001134,20230206,DY,PL2,J,CNTB,Phitsanulok,Train,Process,False,ขาด1รูป แก้ไขอยู่,,FALSE,,,000598_0001134,8507,2023
1019,1135,599,0001136,20230206,DY,GK79,J,CNTB,Phitsanulok,Train,Done,False,,,FALSE,,,000599_0001136,2020,2023
1021,1139,601,0001140,20230208,DY,ML105,K,CNTB,Roi Et,Train,Process,False,,,FALSE,,,000601_0001140,836,2023
1033,1151,607,0001152,20230308,DY,GK15,C,CNTB,Phayao,Train,Process,False,,,FALSE,,,000607_0001152,792,2023
1035,1153,608,0001154,20230308,DY,PL2,C,CNTB,Phayao,Train,Scanned,False,,,FALSE,,,000608_0001154,1700,2023
1037,1155,609,0001156,20230308,DY,ML105,C,CNTB,Phayao,Train,,False,,,FALSE,,,000609_0001156,854,2023
1039,1157,610,0001158,20230310,DY,ML105,L,CNTR,Roi Et,Train,Process,False,"แปลง1

https://drive.google.com/drive/folders/12xKJMz9kCN4KbNFEVoJ_4zUfDnSOctce?usp=sharing",,FALSE,,,000610_0001158,896,2023
1041,1159,611,0001160,20230310,DY,ML105,L,CNTR,Roi Et,Train,Process,False,"แปลง5. 

https://drive.google.com/drive/folders/12xKJMz9kCN4KbNFEVoJ_4zUfDnSOctce?usp=sharing",,FALSE,,,000611_0001160,842,2023
1046,1164,613,0001164,20230310,FH,GK85,C,CNTB,Nakhon Sawan,Train,Done,False,,,,,,000613_0001164,3692,2023
1059,1179,621,0001179,20230403,DY,ML105,C,CNTB,Buri Ram,Train,Scanned,False,,,FALSE,,,000621_0001179,976,2023
1067,1187,625,0001187,20230405,FH,PT1,L,CNTR,Pathum Thani,Train,Uploaded,False,,,พี่คอปทำหายในNas กำลังกู้คืน,,,000625_0001187,994,2023
1072,1192,627,0001192,20230405,DY,GK31,L,CNTR,Pathum Thani,Train,Uploaded,True,,,FALSE,,,000627_0001192,6180,2023
1074,1194,628,0001194,20230405,DY,GK52,L,CNTR,Pathum Thani,Train,Uploaded,True,,,FALSE,,,000628_0001194,18618,2023
1076,1196,629,0001196,20230405,DY,GK81,L,CNTR,Pathum Thani,Train,Uploaded,True,,,FALSE,,,000629_0001196,10588,2023
1078,1198,630,0001198,20230411,DY,GK65,L,CNTR,Chiang Rai,Train,Scanned,True,,,FALSE,,,000630_0001198,8254,2023
1080,1200,631,0001200,20230411,DY,ML105,L,CNTR,Chiang Rai,Train,Scanned,False,,,FALSE,,,000631_0001200,1014,2023
1082,1202,632,0001202,20230411,DY,GK16,L,CNTR,Chiang Rai,Train,Scanned,False,,,FALSE,,,000632_0001202,8915,2023
1084,1204,633,0001204,20230411,DY,SPT1,L,CNTR,Chiang Rai,Train,Scanned,False,,,FALSE,,,000633_0001204,3461,2023
1086,1206,634,0001206,20230411,DY,GVG1,L,CNTR,Chiang Rai,Train,Uploaded,True,,,FALSE,,,000634_0001206,12682,2023
1088,1208,635,0001208,20230411,DY,GK6,L,CNTR,Chiang Rai,Train,Scanned,False,,,FALSE,,,000635_0001208,1008,2023
1090,1210,636,0001210,20230411,DY,NKK8974,L,CNTR,Chiang Rai,Train,Scanned,False,,,FALSE,,,000636_0001210,17400,2023
1092,1212,637,0001212,20230411,DY,GK15,L,CNTR,Chiang Rai,Train,Scanned,True,,,FALSE,,,000637_0001212,1012,2023
1096,1216,640,0001216,20230424,DY,ML105,L,CNTR,Surin,Train,Uploaded,True,,,FALSE,,,000640_0001216,968,2023
1098,1218,641,0001218,20230424,DY,GK15,L,CNTR,Surin,Train,Uploaded,True,,,FALSE,,,000641_0001218,976,2023
1100,1220,642,0001220,20230428,DY,CMJ,L,CNTB,Chiang Mai,Train,Uploaded,True,,,FALSE,,,000642_0001220,16590,2023
1108,1228,646,0001228,20230428,DY,SPT1,C,CNTB,Chiang Mai,Train,Uploaded,True,,,FALSE,,,000646_0001228,3437,2023
1110,1230,647,0001230,20230503,DY,GK29,C,CNTB,Kamphaeng Phet,Train,,True,,,FALSE,,,000647_0001230,3952,2023
1112,1232,648,0001232,20230503,DY,GK49,C,CNTB,Kamphaeng Phet,Train,,True,,,FALSE,,,000648_0001232,1886,2023
1114,1234,649,0001234,20230503,DY,GK85,C,CNTB,Kamphaeng Phet,Train,,True,,,FALSE,,,000649_0001234,3934,2023
1116,1236,650,0001236,20230503,DY,GK6,C,CNTB,Sakon Nakhon,Train,,False,,,FALSE,,,000650_0001236,952,2023
1118,1238,651,0001238,20230503,DY,GK15,C,CNTB,Sakon Nakhon,Train,,False,,,FALSE,,,000651_0001238,998,2023
1120,1240,652,0001240,20230503,DY,ML105,C,CNTB,Sakon Nakhon,Train,,True,,,FALSE,,,000652_0001240,962,2023
1122,1242,653,0001242,20230508,DY,GK15,C,CNTB,Si Sa Ket,Train,,False,,,FALSE,,,000653_0001242,982,2023
1124,1244,654,0001244,20230508,DY,ML105,C,CNTB,Si Sa Ket,Train,,False,,,FALSE,,,000654_0001244,990,2023
1126,1246,655,0001246,20230508,DY,PL80,C,CNTB,Phichit,Train,,False,,,FALSE,,,000655_0001246,8812,2023
1128,1248,656,0001248,20230512,DY,ML105,C,CNTB,Lampang,Train,Done,True,,,FALSE,,,000656_0001248,21569,2023
1130,1250,657,0001250,20230512,DY,SPT1,C,CNTB,Lampang,Train,Done,True,,,FALSE,,,000657_0001250,21101,2023
1132,1252,658,0001252,20230512,DY,GK6,C,CNTB,Lampang,Train,Done,True,,,FALSE,,,000658_0001252,21636,2023
1134,1254,659,0001254,20230515,DY,ML105,L,CNTR,Khon Kaen,Train,Done,True,,,FALSE,,,000659_0001254,20850,2023
1136,1256,660,0001256,20230515,DY,GK22,L,CNTR,Khon Kaen,Train,Done,True,,,FALSE,,,000660_0001256,20727,2023
1138,1258,661,0001258,20230515,DY,TTCP,L,CNTR,Khon Kaen,Train,Done,True,,,FALSE,,,000661_0001258,21441,2023
1141,1261,663,0001261,20230516,DY,ML105,C,CNTB,Bueng Kan,Train,Uploaded,True,,,FALSE,,,000663_0001261,924,2023
1143,1263,664,0001263,20230516,DY,GK22,C,CNTB,Bueng Kan,Train,Uploaded,True,,,FALSE,,,000664_0001263,2812,2023
1145,1265,665,0001265,20230516,DY,GK6,C,CNTB,Bueng Kan,Train,Done,True,,,FALSE,,,000665_0001265,21666,2023
1151,1271,671,0001271,20230519,DY,GK15,L,CNTR,Nong Khai,Train,Done,True,,,FALSE,,,000671_0001271,19756,2023
1153,1273,672,0001273,20230519,DY,GK18,L,CNTR,Nong Khai,Train,Done,True,,,FALSE,,,000672_0001273,20332,2023
1159,1279,675,0001279,20230519,DY,HY71,L,CNTR,Nong Khai,Train,Done,True,,,FALSE,,,000675_0001279,2323,2023
1161,1281,676,0001281,20230524,DY,ML105,C,CNTB,Nakhon Ratchasima,Train,Uploaded,True,,,FALSE,,,000676_0001281,966,2023
1163,1283,677,0001283,20230524,DY,CN1,C,CNTB,Nakhon Ratchasima,Train,Uploaded,True,,,FALSE,,,000677_0001283,1606,2023
1165,1285,678,0001285,20230613,DY,GK41,K,CNTR,Chai Nat,Train,Uploaded,True,,,FALSE,,,000678_0001285,1956,2023
1173,1293,682,0001293,20230704,DY,SPT1,K,CNTB,Chiang Mai,Train,Done,True,,,FALSE,,,000682_0001293,23575,2023
1175,1295,683,0001295,20230704,DY,MJ2,K,CNTB,Chiang Mai,Train,Done,True,,,FALSE,,,000683_0001295,23202,2023
1181,1301,686,0001301,20230704,DY,PT1,J,CNTB,Phrae,Train,Uploaded,True,,,FALSE,,,000686_0001301,22637,2023
1189,1309,690,0001309,20230801,DY,ML105,L,CNTR,Chiang Rai,Train,Done,True,,,FALSE,,,000690_0001309,21526,2023
1191,1311,691,0001311,20230801,DY,GK6,L,CNTR,Chiang Rai,Train,Done,True,,,FALSE,,,000691_0001311,22753,2023
1193,1313,692,0001313,20230801,DY,SPT1,L,CNTR,Chiang Rai,Train,Done,True,,,FALSE,,,000692_0001313,21376,2023
1197,1317,694,0001317,20230829,DY,CN1,K,CNTB,Nakhon Ratchasima,Train,Done,True,,,FALSE,,,000694_0001317,23119,2023
1199,1319,695,0001319,20230914,DY,SPT1,J,CNTB,Lampang,Train,Done,True,,,FALSE,,,000695_0001319,23399,2023
1201,1321,696,0001321,20230927,DY,PT1,L,CNTR,Pathum Thani,Train,Done,True,,,FALSE,,,000696_0001321,22980,2023
1203,1323,697,0001323,20230927,DY,GK87,L,CNTR,Pathum Thani,Train,Done,True,,,FALSE,,,000697_0001323,23398,2023
1205,1325,698,0001325,20230927,DY,GK31,L,CNTR,Pathum Thani,Train,Done,True,,,FALSE,,,000698_0001325,23359,2023
1207,1327,699,0001327,20230927,DY,GK57,L,CNTR,Pathum Thani,Train,Done,True,,,FALSE,,,000699_0001327,23323,2023
1213,1339,706,0001339,20231114,DY,GK12,L,CNTR,Nong Khai,Train,Done,True,,,FALSE,,,000706_0001339,23395,2023
1217,1343,709,0001343,20231115,DY,GK22,K,CNTB,Bueng Kan,Train,Done,True,,,FALSE,,,000709_0001343,23395,2023
1223,1349,712,0001349,20231116,DY,GK15,L,CNTR,Surin,Train,Done,True,,,FALSE,,,000712_0001349,23349,2023
1225,1351,713,0001351,20231116,DY,CN1,J,CNTB,Nakhon Ratchasima,Train,Done,True,,,FALSE,,,000713_0001351,23362,2023
1275,1401,742,0001401,20240311,DY,GK6,K,CNTB,Sakon Nakhon,Train,Done,True,,,,11.8,2.0,000742_0001401,20989,2024
1277,1403,743,0001403,20240311,DY,GK15,K,CNTB,Sakon Nakhon,Train,Done,True,,,,11.2,2.0,000743_0001403,19746,2024
1279,1405,744,0001405,20240311,DY,ML105,K,CNTB,Sakon Nakhon,Train,Done,True,,,,12,2.0,000744_0001405,3613,2024
1287,1413,748,0001413,20240314,DY,ML105,K,CNTB,Lampang,Train,Done,True,,,,,25.0,000748_0001413,21613,2024
1289,1415,749,0001415,20240314,DY,GK6,K,CNTB,Lampang,Train,Done,True,,,,,25.0,000749_0001415,22525,2024
1294,1420,752,0001420,20240319,DY,ML105,K,CNTB,Nakhon Ratchasima,Train,Done,True,,,,,1.0,000752_0001420,22070,2024
1295,1422,753,0001422,20240319,DY,PL80,K,CNTB,Nakhon Ratchasima,Train,Done,True,,,01/67,,1.0,000753_0001422,21796,2024
1296,1424,754,0001424,20240319,DY,CN1,K,CNTB,Nakhon Ratchasima,Train,Done,True,,,12/66,,1.0,000754_0001424,23502,2024
1299,1427,756,0001427,20240319,DY,GK41,K,CNTB,Nakhon Sawan,Train,Done,True,,,,,1.0,000756_0001427,22544,2024
1301,1429,757,0001429,20240319,DY,GK41,K,CNTB,Nakhon Sawan,Train,Done,True,,,,,1.0,000757_0001429,21983,2024
1303,1431,758,0001431,20240319,DY,GK85,K,CNTB,Nakhon Sawan,Train,Done,True,,,,,1.0,000758_0001431,23518,2024
1306,1434,760,0001434,20240320,DY,ML105,K,CNTB,Phitsanulok,Train,Done,True,,,,,1.0,000760_0001434,21902,2024
1311,1439,763,0001439,20240321,DY,ML105,K,CNTB,Ubon Ratchathani,Train,Done,True,,,,,1.0,000763_0001439,19286,2024
1315,1443,765,0001443,20240321,DY,ML105,K,CNTB,Si Sa Ket,Train,Done,True,,,,,1.0,000765_0001443,21776,2024
1317,1445,766,0001445,20240321,DY,GK15,K,CNTB,Si Sa Ket,Train,Done,True,,,,,1.0,000766_0001445,22274,2024
1321,1449,768,0001449,20240321,DY,PL80,K,CNTB,Phichit,Train,Done,True,,,ActivityIDผิด>>เหลือแก้ชื่อรูป >>แก้ไขแล้ว,,1.0,000768_0001449,22020,2024
1323,1451,769,0001451,20240321,DY,ML105,C,CNTR,Chiang Mai,Train,Done,True,,,,,1.0,000769_0001451,22364,2024
1333,1461,774,0001461,20240321,DY,ML105,C,CNTR,Chiang Rai,Train,Done,True,,,,,2.0,000774_0001461,22217,2024
1339,1467,777,0001467,20240321,DY,GK15,C,CNTR,Chiang Rai,Train,Uploaded,True,,,,,2.0,000777_0001467,22239,2024
1347,1475,781,0001475,20240922,DY,ML105,K,CNTB,Bueng Kan,Train,To do,False,,,,,,000781_0001475,22257,2024
1353,1481,786,0001481,20241001,DY,PT1,C,CNTR,Pathum Thani,Train,Done,True,sc3133,,,,,000786_0001481,22202,2024
1355,1483,787,0001483,20241001,DY,GK85,C,CNTR,Pathum Thani,Train,Done,True,,,,,,000787_0001483,23100,2024
1382,1511,811,0001511,20241129,DY,GK41,C,CNTB,Chai Nat,Train,Done,True,,,,,,000811_0001511,23677,2024
1384,1513,812,0001513,20241129,DY,GK85,C,CNTB,Chai Nat,Train,Done,True,,,,,,000812_0001513,22483,2024
1386,1515,813,0001515,20241129,DY,GK107,C,CNTB,Chai Nat,Train,Done,True,,,,,,000813_0001515,22468,2024
1388,1517,814,0001517,20241118,DY,ML105,C,CNTB,Khon Kaen,Train,Done,True,,,,,,000814_0001517,22742,2024
1396,1525,818,0001525,20241120,DY,ML105,K,CNTR,Sakon Nakhon,Train,Done,True,,,,,,000818_0001525,22710,2024
1398,1527,819,0001527,20241120,DY,GK6,K,CNTR,Sakon Nakhon,Train,Done,True,,,,,,000819_0001527,22870,2024
1400,1529,820,0001529,20241120,DY,SKNK,K,CNTR,Sakon Nakhon,Train,Done,True,,,,,,000820_0001529,21423,2024
1404,1533,822,0001533,20241119,DY,GK15,L,CNTR,Surin,Train,Done,True,,,,,,000822_0001533,22750,2024
1406,1535,823,0001535,20241121,DY,ML105,K,CNTB,Roi Et,Train,Done,True,,,,,,000823_0001535,22978,2024
1408,1537,824,0001537,20241120,DY,ML105,K,CNTB,Ubon Ratchathani,Train,Done,True,,,,,,000824_0001537,22555,2024
1410,1539,825,0001539,20241121,DY,ML105,K,CNTB,Sakon Nakhon,Train,Done,True,,,,,,000825_0001539,22356,2024
1412,1541,826,0001541,20241121,DY,GK6,K,CNTB,Sakon Nakhon,Train,Done,True,,,,,,000826_0001541,22487,2024
1414,1543,827,0001543,20241219,DY,PL80,K,CNTB,Phichit,Train,Done,True,,,,,,000827_0001543,23194,2024
1416,1545,828,0001545,20241219,DY,GK61,K,CNTB,Phichit,Train,Done,True,,,,,,000828_0001545,22230,2024
